insert into colors (id, code) values (1000, 'Black');
insert into colors (id, code) values (1001, 'White');
insert into colors (id, code) values (1002, 'Yellow');
insert into colors (id, code) values (1003, 'Blue');
insert into colors (id, code) values (1004, 'Red');
insert into colors (id, code) values (1005, 'Gold');
insert into colors (id, code) values (1006, 'Silver');

insert into phones (id, brand, model, price, displaySizeInches, weightGr, lengthMm, widthMm, heightMm, announced, deviceType, os, displayResolution, pixelDensity, displayTechnology, backCameraMegapixels, frontCameraMegapixels, ramGb, internalStorageGb, batteryCapacityMah, talkTimeHours, standByTimeHours, bluetooth, positioning, imageUrl, description) values ('1000', 'ARCHOS', 'ARCHOS 101 G9', 100, 10.1, 482, 276.0, 167.0, 12.6, null, 'Tablet', 'Android (4.0)', '1280 x  800', 149, null, null, 1.3, null, 8.0, null, null, null, '2.1, EDR', 'GPS', 'manufacturer/ARCHOS/ARCHOS 101 G9.jpg', 'The ARCHOS 101 G9 is a 10.1'''' tablet, equipped with Google''s open source OS. It offers a multi-core ARM CORTEX A9 processor at 1GHz, 8 or 16GB internal memory, microSD card slot, GPS, Wi-Fi, Bluetooth 2.1, and more.');
insert into phones (id, brand, model, price, displaySizeInches, weightGr, lengthMm, widthMm, heightMm, announced, deviceType, os, displayResolution, pixelDensity, displayTechnology, backCameraMegapixels, frontCameraMegapixels, ramGb, internalStorageGb, batteryCapacityMah, talkTimeHours, standByTimeHours, bluetooth, positioning, imageUrl, description) values ('1002', 'ARCHOS', 'ARCHOS 101 Internet Tablet', 123, 10.1, 482, null, null, null, null, 'Tablet', 'Android (2.2)', '1024 x  600', 118, 'TFT', null, 0.3, null, 8.0, null, null, null, '2.1, EDR', null, 'manufacturer/ARCHOS/ARCHOS 101 Internet Tablet.jpg', 'Archos 101 Internet Tablet is 10.1" Android running slate with Wi-Fi connectivity. It has 1GHz processor, 0.3MP front camera, HDMI port, 8GB internal memory and supports up to 32GB microSD memory cards.');
insert into phones (id, brand, model, price, displaySizeInches, weightGr, lengthMm, widthMm, heightMm, announced, deviceType, os, displayResolution, pixelDensity, displayTechnology, backCameraMegapixels, frontCameraMegapixels, ramGb, internalStorageGb, batteryCapacityMah, talkTimeHours, standByTimeHours, bluetooth, positioning, imageUrl, description) values ('1057', 'AT&T', 'AT&T Avail 2', 190, 3.5, 156, 117.0, 62.0, 11.0, null, 'Smart phone', 'Android (4.1.1)', '320 x  480', 165, 'TFT', 2.0, null, 0.5, 4.0, 1500, 5.0, 380.0, '3.0', 'GPS, A-GPS', 'manufacturer/AT&T/AT&T Avail 2.jpg', 'The AT&T Avail 2 is a low-end smartphone with version 4.1 of the Android OS. Its specs include a 3.5" display, 3.5" display, 512 MB RAM, 4 GB of native storage and a microSD slot to expand it with up to 32 GB memory, as well as a 2MP main camera.');
insert into phones (id, brand, model, price, displaySizeInches, weightGr, lengthMm, widthMm, heightMm, announced, deviceType, os, displayResolution, pixelDensity, displayTechnology, backCameraMegapixels, frontCameraMegapixels, ramGb, internalStorageGb, batteryCapacityMah, talkTimeHours, standByTimeHours, bluetooth, positioning, imageUrl, description) values ('1092', 'Acer', 'Acer Iconia Tab A700', 450, 10.1, 482, 259.0, 175.0, 11.0, '2012-01-09 00:00:00', 'Tablet', 'Android (4.1, 4.0)', '1920 x  1200', 224, null, 5.0, null, 1.0, 32.0, 9800, null, null, '2.1, EDR', 'GPS', 'manufacturer/Acer/Acer Iconia Tab A700.jpg', 'The Acer Iconia Tab A700 is an Android 4.0 tablet with a 1080p display, 5-megapixel camera, HDMI port and is powered by a 1.3GHz quad-core processor courtesy of the NVIDIA Tegra 3 chipset.');
insert into phones (id, brand, model, price, displaySizeInches, weightGr, lengthMm, widthMm, heightMm, announced, deviceType, os, displayResolution, pixelDensity, displayTechnology, backCameraMegapixels, frontCameraMegapixels, ramGb, internalStorageGb, batteryCapacityMah, talkTimeHours, standByTimeHours, bluetooth, positioning, imageUrl, description) values ('1132', 'Acer', 'Acer Liquid e', null, 3.5, 156, 115.0, 62.5, 12.5, '2010-02-15 00:00:00', 'Smart phone', 'Android (2.1)', '480 x  800', 267, 'TFT', 5.0, null, 0.25, null, 1350, 5.0, 400.0, '2.0', 'A-GPS', 'manufacturer/Acer/Acer Liquid e.jpg', 'The only difference to the original Acer Liquid is the newcomer runs Android version 2.1 and therefore, offers all corresponding software extras of the latest OS edition like 5 home screen pages, Live wallpapers, improved browser etc.');
insert into phones (id, brand, model, price, displaySizeInches, weightGr, lengthMm, widthMm, heightMm, announced, deviceType, os, displayResolution, pixelDensity, displayTechnology, backCameraMegapixels, frontCameraMegapixels, ramGb, internalStorageGb, batteryCapacityMah, talkTimeHours, standByTimeHours, bluetooth, positioning, imageUrl, description) values ('1192', 'Alcatel', 'Alcatel OT-105A', null, 1.3, 156, null, null, null, null, 'Basic phone', null, '96 x  64', 87, 'STN', null, null, null, null, 500, 7.2, 431.0, null, null, 'manufacturer/Alcatel/Alcatel OT-105A.jpg', 'Alcatel OT-105A is a basic GSM phone with candybar form factor. It has 1.32" Black and White display, Flashlight, Calculator, Chronometer and has up to 7.2 hours talking time.');
insert into phones (id, brand, model, price, displaySizeInches, weightGr, lengthMm, widthMm, heightMm, announced, deviceType, os, displayResolution, pixelDensity, displayTechnology, backCameraMegapixels, frontCameraMegapixels, ramGb, internalStorageGb, batteryCapacityMah, talkTimeHours, standByTimeHours, bluetooth, positioning, imageUrl, description) values ('1577', 'Apple', 'Apple iPad Pro 10.5-inch', 1079, 10.5, 482, 250.6, 174.1, 6.1, '2017-06-05 00:00:00', 'Tablet', 'iOS (10.x)', '1668 x  2224', 265, 'IPS LCD', 12.0, 7.0, 4.0, 512.0, null, null, null, '4.2', 'GPS, A-GPS, Glonass, Cell ID, Wi-Fi positioning', 'manufacturer/Apple/Apple iPad Pro 10.5-inch.jpg', 'The 10.5-inch iPad Pro is a premium tablet built with productivity in mind, but it is just as great at keeping you entertained. Its centerpiece is a fantastic display with high resolution, wide color support, and HDR video capabilities. Under the hood is Apple''s latest A10X system chip, alongside plenty of storage. Features we know from previous iPad Pro models, including Apple Pencil support and quad stereo speakers, are also on board. The 10.5-inch iPad Pro will be updated to iOS 11 in late 2017, which will bring improved multitasking and make the Apple Pencil even more functional.');
insert into phones (id, brand, model, price, displaySizeInches, weightGr, lengthMm, widthMm, heightMm, announced, deviceType, os, displayResolution, pixelDensity, displayTechnology, backCameraMegapixels, frontCameraMegapixels, ramGb, internalStorageGb, batteryCapacityMah, talkTimeHours, standByTimeHours, bluetooth, positioning, imageUrl, description) values ('1777', 'BLU', 'BLU Life Play', 120, 4.7, 156, 137.0, 68.4, 7.9, null, 'Smart phone', 'Android (4.2)', '720 x  1280', 312, 'IPS LCD', 8.0, 2.0, 1.0, 4.0, 1800, 18.0, 780.0, '4.0', 'GPS, A-GPS', 'manufacturer/BLU/BLU Life Play.jpg', 'The BLU Life Play X is an Android 4.2-boasting smartphone. It offers a 4.7'''' 720 x 1280 px display, 1.2 GHz quad core processor, 1GB of RAM, 4 GB storage space, microSD card slot, 8 MP main camera and 2 MP secondary shooter for video calls.');
insert into phones (id, brand, model, price, displaySizeInches, weightGr, lengthMm, widthMm, heightMm, announced, deviceType, os, displayResolution, pixelDensity, displayTechnology, backCameraMegapixels, frontCameraMegapixels, ramGb, internalStorageGb, batteryCapacityMah, talkTimeHours, standByTimeHours, bluetooth, positioning, imageUrl, description) values ('1864', 'BLU', 'BLU Studio X Mini', null, 4.5, 156, 133.7, 65.8, 10.8, null, 'Smart phone', 'Android (5.1)', '480 x  854', 218, 'LCD', 5.0, 0.3, 1.0, 8.0, 1800, 23.0, 700.0, '4.0', 'GPS, A-GPS', 'manufacturer/BLU/BLU Studio X Mini.jpg', 'The Blu Studio X Mini sports a 4.5-inch display, 1 GHz quad-core processor, 8 GB of storage, 1 GB of RAM and a 5-megapixel camera with LED flash.');
insert into phones (id, brand, model, price, displaySizeInches, weightGr, lengthMm, widthMm, heightMm, announced, deviceType, os, displayResolution, pixelDensity, displayTechnology, backCameraMegapixels, frontCameraMegapixels, ramGb, internalStorageGb, batteryCapacityMah, talkTimeHours, standByTimeHours, bluetooth, positioning, imageUrl, description) values ('1914', 'BenQ', 'BenQ M315', 380, 0.0, 156, 102.0, 44.0, 18.0, null, null, null, '128 x  128', null, 'TFD', 0.1, null, null, null, 760, 5.0, 140.0, '1.1', null, 'manufacturer/BenQ/BenQ M315.jpg', 'BENQ M315 is entry-level GSM phone with Bluetooth capability, color display, and internal camera. It also supports WAP 2.0 and GPRS data');
insert into phones (id, brand, model, price, displaySizeInches, weightGr, lengthMm, widthMm, heightMm, announced, deviceType, os, displayResolution, pixelDensity, displayTechnology, backCameraMegapixels, frontCameraMegapixels, ramGb, internalStorageGb, batteryCapacityMah, talkTimeHours, standByTimeHours, bluetooth, positioning, imageUrl, description) values ('8763', 'vivo', 'vivo Xplay 3S', null, 6.0, 156, 158.2, 82.59, 8.68, null, 'Smart phone', 'Android (4.3)', '1440 x  2560', 490, 'IPS LCD', 13.0, 5.0, 3.0, 32.0, 3200, null, null, '4.0', 'GPS, A-GPS', 'manufacturer/vivo/vivo Xplay 3S.jpg', 'The Vivo XPlay 3S is the world’s first smartphone with a 2560 x 1440 pixel 6 inch screen. It is powered by a 2.3GHz Snapdragon 800 processor and has 3GB of RAM and 32 GS storage space. Other features include a 13-megapixel camera with an f/1.8 aperture, and 4G LTE connectivity.');

insert into phone2color (phoneId, colorId) values (1000, 1000);
insert into phone2color (phoneId, colorId) values (1000, 1001);
insert into phone2color (phoneId, colorId) values (1002, 1000);
insert into phone2color (phoneId, colorId) values (1002, 1003);
insert into phone2color (phoneId, colorId) values (1002, 1005);
insert into phone2color (phoneId, colorId) values (1057, 1000);
insert into phone2color (phoneId, colorId) values (1057, 1004);
insert into phone2color (phoneId, colorId) values (1057, 1005);
insert into phone2color (phoneId, colorId) values (1092, 1000);
insert into phone2color (phoneId, colorId) values (1092, 1006);
insert into phone2color (phoneId, colorId) values (1192, 1004);
insert into phone2color (phoneId, colorId) values (1192, 1006);
insert into phone2color (phoneId, colorId) values (1777, 1000);
insert into phone2color (phoneId, colorId) values (1864, 1000);
insert into phone2color (phoneId, colorId) values (1864, 1001);
insert into phone2color (phoneId, colorId) values (8763, 1000);
insert into phone2color (phoneId, colorId) values (8763, 1001);

insert into stocks (phoneId, stock, reserved) values (1000, 11, 0);
--insert into stocks (phoneId, stock, reserved) values (1002, 0, 1);
insert into stocks (phoneId, stock, reserved) values (1057, 13, 2);
insert into stocks (phoneId, stock, reserved) values (1092, 2, 1);
insert into stocks (phoneId, stock, reserved) values (1132, 12, 0);
insert into stocks (phoneId, stock, reserved) values (1192, 9, 4);
insert into stocks (phoneId, stock, reserved) values (1577, 13, 2);
insert into stocks (phoneId, stock, reserved) values (1777, 1, 0);
insert into stocks (phoneId, stock, reserved) values (1864, 19, 2);
insert into stocks (phoneId, stock, reserved) values (1914, 29, 0);
insert into stocks (phoneId, stock, reserved) values (8763, 10, 2);

insert into orders (id, secureId, subtotal, deliveryPrice, totalPrice, firstName, lastName, deliveryAddress, contactPhoneNo, additionalInformation, orderingDate, status) values (1, '1020bdad-3e27-4265-b175-1a3431f0a76a', 300, 5, 305, 'Jane', 'Jones', '71 Cherry Court Southampton', '+1-541-754-3010', null, '2020-11-13', 'NEW');

insert into orderItems (id, phoneId, quantity) values (1, 1057, 1);
insert into orderItems (id, phoneId, quantity) values (2, 1192, 3);

insert into order2orderItem (orderId, orderItemId) values (1, 1);
insert into order2orderItem (orderId, orderItemId) values (1, 2);

